currency,rate
usdphp,58.03401156834194
cadphp,43.15299987792969
