currency,rate
usdphp,58.03408299449788
cadphp,43.19499969482422
